date,净值
20220104,99465.68550544398
20220105,99465.68550544398
20220106,99465.68550544398
20220107,99465.68550544398
20220110,101220.68550544398
20220111,101855.68550544398
20220112,101665.54345988967
20220113,101174.29284097155
20220114,101174.29284097155
20220117,101827.95651622846
20220118,101827.95651622846
20220119,102302.95651622846
20220120,101519.33002514862
20220121,101676.3688874142
20220124,101676.3688874142
20220125,101751.3688874142
20220126,101751.3688874142
20220127,101751.3688874142
20220128,100916.3825336677
20220207,101631.3825336677
20220208,101631.3825336677
20220209,102486.3825336677
20220210,102501.3825336677
20220211,102336.3825336677
20220214,102131.3825336677
20220215,102165.85128482609
20220216,104000.85128482609
20220217,103570.34717622165
20220218,103570.34717622165
20220221,103585.34717622165
20220222,103585.34717622165
20220223,103585.34717622165
20220224,105848.01260587302
20220225,105848.01260587302
20220228,105848.01260587302
20220301,105848.01260587302
20220302,103254.99255786519
20220303,103254.99255786519
20220304,103254.99255786519
20220307,103946.03134601802
20220308,99599.28975764403
20220309,99599.28975764403
20220310,98871.95303491264
20220311,98871.95303491264
20220314,98871.95303491264
20220315,98871.95303491264
20220316,98871.95303491264
20220317,99081.56428484542
20220318,99956.56428484542
20220321,100031.56428484542
20220322,100567.95402538092
20220323,100567.95402538092
20220324,105042.95402538092
20220325,103059.2777887727
20220328,103175.17772563953
20220329,103950.17772563953
20220330,103950.17772563953
20220331,104565.17772563953
20220401,104565.17772563953
20220406,104565.17772563953
20220407,104565.17772563953
20220408,104798.88409456874
20220411,103968.63161288256
20220412,103968.63161288256
20220413,104663.63161288256
20220414,104663.63161288256
20220415,104663.63161288256
20220418,104663.63161288256
20220419,104178.63161288256
20220420,106593.63161288256
20220421,106488.63161288256
20220422,105058.13720182017
20220425,108733.13720182017
20220426,111848.13720182017
20220427,112603.13720182017
20220428,113118.13720182017
20220429,110732.64897436074
20220505,110732.64897436074
20220506,110732.64897436074
20220509,109169.03536069707
20220510,109964.03536069707
20220511,109219.03536069707
20220512,110914.03536069707
20220513,110489.03536069707
20220516,110304.03536069707
20220517,109190.40511393068
20220518,107454.91240703066
20220519,108189.91240703066
20220520,112398.99755777852
20220523,112172.33851771797
20220524,112172.33851771797
20220525,112172.33851771797
20220526,112172.33851771797
20220527,112687.33851771797
20220530,115282.33851771797
20220531,114980.31360348662
20220601,115315.31360348662
20220602,116210.31360348662
20220606,116245.31360348662
20220607,117140.31360348662
20220608,117895.31360348662
20220609,117895.31360348662
20220610,117179.45542823615
20220613,117179.45542823615
20220614,118494.45542823615
20220615,118494.45542823615
20220616,119148.57541470905
20220617,118021.47323084391
20220620,118021.47323084391
20220621,119256.47323084391
20220622,119256.47323084391
20220623,118449.16210053134
20220624,118449.16210053134
20220627,118449.16210053134
20220628,118449.16210053134
20220629,118449.16210053134
20220630,118324.16210053134
20220701,118324.16210053134
20220704,118324.16210053134
20220705,120679.16210053134
20220706,120679.16210053134
20220707,119915.04645212277
20220708,119850.04645212277
20220711,121121.94865959682
20220712,121836.32870757644
20220713,123071.32870757644
20220714,123071.32870757644
20220715,123071.32870757644
20220718,123071.32870757644
20220719,123792.63368179154
20220720,124027.63368179154
20220721,123142.63368179154
20220722,122102.14185176545
20220725,122657.14185176545
20220726,122892.14185176545
20220727,122807.14185176545
20220728,122807.14185176545
20220729,121715.76106319165
20220801,121715.76106319165
20220802,121715.76106319165
20220803,121590.76106319165
20220804,121590.76106319165
20220805,121590.76106319165
20220808,121590.76106319165
20220809,121848.87223131955
20220810,122343.87223131955
20220811,121703.44716195099
20220812,120840.01664119259
20220815,119058.4662724429
20220816,119058.4662724429
20220817,118493.4662724429
20220818,118493.4662724429
20220819,118493.4662724429
20220822,117492.48801579328
20220823,117927.48801579328
20220824,117927.48801579328
20220825,116984.33681435882
20220826,116051.50709894791
20220829,116195.15867406258
20220830,115988.21859578873
20220831,115988.21859578873
20220901,117618.18708319312
20220902,117618.18708319312
20220905,116873.18708319312
20220906,116882.72501474715
20220907,116093.17127975106
20220908,114607.46633084585
20220909,114622.46633084585
20220913,114622.46633084585
20220914,113674.63064088687
20220915,113312.19698152301
20220916,113312.19698152301
20220919,114627.19698152301
20220920,113145.20445574315
20220921,115340.20445574315
20220922,114949.48889931996
20220923,114224.76867401571
20220926,114224.76867401571
20220927,114479.76867401571
20220928,115814.76867401571
20220929,115329.76867401571
20220930,115348.6937481303
20221010,114803.6937481303
20221011,115078.6937481303
20221012,114284.34353605626
20221013,114979.34353605626
20221014,114979.34353605626
20221017,113655.73253537793
20221018,113655.73253537793
20221019,113655.73253537793
20221020,113510.73253537793
20221021,112580.11296451103
20221024,113275.11296451103
20221025,113275.11296451103
20221026,113650.11296451103
20221027,114125.11296451103
20221028,114125.11296451103
20221031,114320.11296451103
20221101,114320.11296451103
20221102,114974.34580802011
20221103,114974.34580802011
20221104,114974.34580802011
20221107,115569.34580802011
20221108,115484.34580802011
20221109,115484.34580802011
20221110,116960.21863184682
20221111,118535.21863184682
20221114,121550.21863184682
20221115,120061.0542188107
20221116,120291.87189878663
20221117,120291.87189878663
20221118,120291.87189878663
20221121,120386.20461288525
20221122,120386.20461288525
20221123,119692.27356176748
20221124,119627.27356176748
20221125,119307.73495346007
20221128,119002.73495346007
20221129,119002.73495346007
20221130,118245.0281365351
20221201,118245.0281365351
20221202,118245.0281365351
20221205,119300.0281365351
20221206,119300.0281365351
20221207,120195.0281365351
20221208,120550.0281365351
20221209,121325.0281365351
20221212,121325.0281365351
20221213,121325.0281365351
20221214,121325.0281365351
20221215,121640.0281365351
20221216,121995.0281365351
20221219,122076.00371166173
20221220,122811.00371166173
20221221,122594.93704874239
20221222,122373.97527655834
20221223,121988.97527655834
20221226,121988.97527655834
20221227,121988.97527655834
20221228,121723.97527655834
20221229,122078.97527655834
20221230,123553.97527655834
20230103,123928.97527655834
20230104,123928.97527655834
20230105,123446.30564867149
20230106,124101.30564867149
20230109,123003.20854628012
20230110,122934.04371042589
20230111,122439.78927710355
20230112,121457.16990967229
20230113,121512.16990967229
20230116,121327.16990967229
20230117,121327.16990967229
20230118,120136.14434162938
20230119,119370.00215430451
20230120,118607.07679643368
20230130,118607.07679643368
20230131,118541.0947493027
20230201,118551.56789034611
20230202,118551.56789034611
20230203,119786.56789034611
20230206,120181.56789034611
20230207,120936.56789034611
20230208,119401.71647579923
20230209,119401.71647579923
20230210,119401.71647579923
20230213,120396.71647579923
20230214,120396.71647579923
20230215,121277.97426709032
20230216,121277.97426709032
20230217,121277.97426709032
20230220,121277.97426709032
20230221,120373.72999647472
20230222,119049.61911734106
20230223,119404.61911734106
20230224,118792.12896222869
20230227,118792.12896222869
20230228,118088.6181409727
20230301,118783.6181409727
20230302,118783.6181409727
20230303,118783.6181409727
20230306,118783.6181409727
20230307,118264.3994050798
20230308,118259.3994050798
20230309,117897.36765481657
20230310,117532.36765481657
20230313,117099.97691303937
20230314,117099.97691303937
20230315,117099.97691303937
20230316,116914.97691303937
20230317,116789.97691303937
20230320,118264.97691303937
20230321,118559.97691303937
20230322,118559.97691303937
20230323,119434.97691303937
20230324,121069.97691303937
20230327,121323.454679999
20230328,120764.96546448534
20230329,120876.49797375868
20230330,121791.49797375868
20230331,121791.49797375868
20230403,121906.49797375868
20230404,121906.49797375868
20230406,121638.19426526409
20230407,122153.19426526409
20230410,122153.19426526409
20230411,122153.19426526409
20230412,122908.19426526409
20230413,122908.19426526409
20230414,123703.19426526409
20230417,123703.19426526409
20230418,124018.19426526409
20230419,123753.19426526409
20230420,124068.19426526409
20230421,124068.19426526409
20230424,124068.19426526409
20230425,123600.14152487184
20230426,123404.71471853301
20230427,124539.71471853301
20230428,124539.71471853301
20230504,125474.71471853301
20230505,126429.71471853301
20230508,126584.71471853301
20230509,126584.71471853301
20230510,127099.71471853301
20230511,127099.71471853301
20230512,127254.71471853301
20230515,127489.71471853301
20230516,127489.71471853301
20230517,126740.80764725023
20230518,126740.80764725023
20230519,126548.30646172061
20230522,126548.30646172061
20230523,126431.45145776491
20230524,126804.38102895254
20230525,127439.38102895254
20230526,127439.38102895254
20230529,127439.38102895254
20230530,127731.53639353233
20230531,127731.53639353233
20230601,127246.53639353233
20230602,127501.53639353233
20230605,127052.93916813597
20230606,127271.44681468558
20230607,127386.44681468558
20230608,127301.44681468558
20230609,127301.44681468558
20230612,127301.44681468558
20230613,127301.44681468558
20230614,127195.58213420375
20230615,127570.58213420375
20230616,127570.58213420375
20230619,127025.58213420375
20230620,127025.58213420375
20230621,127025.58213420375
20230626,126442.01028659916
20230627,126395.58866296012
20230628,126395.58866296012
20230629,126395.58866296012
20230630,126310.58866296012
20230703,126310.58866296012
20230704,125762.78045942984
20230705,126217.39252201257
20230706,125952.39252201257
20230707,125952.39252201257
20230710,125806.58711752684
20230711,126281.58711752684
20230712,126256.58711752684
20230713,126256.58711752684
20230714,127271.58711752684
20230717,127271.58711752684
20230718,127279.19360437203
20230719,126437.35890972397
20230720,126437.35890972397
20230721,126437.35890972397
20230724,126632.35890972397
20230725,126632.35890972397
20230726,126632.35890972397
20230727,127047.35890972397
20230728,127047.35890972397
20230731,127047.35890972397
20230801,127047.35890972397
20230802,127047.35890972397
20230803,127764.85353431145
20230804,127759.85353431145
20230807,128134.85353431145
20230808,127809.85353431145
20230809,127809.85353431145
20230810,127298.72052706736
20230811,127298.72052706736
20230814,127509.8008609814
20230815,129144.8008609814
20230816,129144.8008609814
20230817,128586.22126882321
20230818,128586.22126882321
20230821,128721.22126882321
20230822,128676.22126882321
20230823,128611.22126882321
20230824,129166.22126882321
20230825,129166.22126882321
20230828,130221.22126882321
20230829,130221.22126882321
20230830,130236.22126882321
20230831,130236.22126882321
20230901,130236.22126882321
20230904,130236.22126882321
20230905,129740.07152202792
20230906,130095.07152202792
20230907,130095.07152202792
20230908,130070.07152202792
20230911,129555.07152202792
20230912,128912.7302059564
20230913,129587.7302059564
20230914,129587.7302059564
20230915,129782.7302059564
20230918,129957.7302059564
20230919,129492.7302059564
20230920,129168.45599362715
20230921,129168.45599362715
20230922,129168.45599362715
20230925,128353.38327411082
20230926,128402.80293382268
20230927,128412.36644029478
20230928,128412.36644029478
20231009,128412.36644029478
20231010,128427.36644029478
20231011,128542.24364376454
20231012,128997.24364376454
20231013,128997.24364376454
20231016,128997.24364376454
20231017,128718.46841092812
20231018,127843.68142364542
20231019,127854.71543297193
20231020,127333.39949835504
20231023,127348.39949835504
20231024,127348.39949835504
20231025,127723.39949835504
20231026,127723.39949835504
20231027,128378.39949835504
20231030,128273.39949835504
20231031,128188.39949835504
20231101,128030.78356889555
20231102,129345.78356889555
20231103,129000.78356889555
20231106,129075.78356889555
20231107,129690.78356889555
20231108,128381.44260025481
20231109,128140.39493560338
20231110,126523.62779981237
20231113,126447.26601427462
20231114,126447.26601427462
20231115,126447.26601427462
20231116,126442.26601427462
20231117,126437.26601427462
20231120,126236.3075316503
20231121,126951.3075316503
20231122,126951.3075316503
20231123,126951.3075316503
20231124,126951.3075316503
20231127,126787.86989579813
20231128,126942.86989579813
20231129,127957.86989579813
20231130,127957.86989579813
20231201,127957.86989579813
20231204,127948.31816412375
20231205,127724.41505507799
20231206,127724.41505507799
20231207,128199.41505507799
20231208,128199.41505507799
20231211,128374.41505507799
20231212,127781.173451529
20231213,127936.173451529
20231214,127587.18801643775
20231215,128202.18801643775
20231218,128484.71719265354
20231219,128041.37481263303
20231220,127976.37481263303
20231221,127991.37481263303
20231222,129006.37481263303
20231225,129801.37481263303
20231226,129801.37481263303
20231227,129956.37481263303
20231228,129468.75036549276
20231229,129468.75036549276
20240102,127874.46551531368
20240103,127874.46551531368
20240104,127248.97537287061
20240105,127263.97537287061
20240108,126583.88890269902
20240109,126583.88890269902
20240110,126583.88890269902
20240111,126618.88890269902
20240112,127233.88890269902
20240115,127148.88890269902
20240116,127240.82531959147
20240117,127240.82531959147
20240118,127002.60660744486
20240119,127002.60660744486
20240122,126404.76929238912
20240123,126819.76929238912
20240124,126305.97278282183
20240125,126118.46912711402
20240126,126512.09965696889
20240129,126512.09965696889
20240130,127495.46723322282
20240131,128170.46723322282
20240201,128105.46723322282
20240202,128105.46723322282
20240205,127900.46723322282
20240206,127855.46723322282
20240207,127994.30467122937
20240208,127494.30035189402
20240219,127909.30035189402
20240220,127844.30035189402
20240221,127893.98204107027
20240222,127628.26697970142
20240223,127269.35390170733
20240226,126749.25308350062
20240227,126749.25308350062
20240228,126166.4299751462
20240229,125821.4299751462
20240301,126356.4299751462
20240304,125905.72339167823
20240305,125172.58983993935
20240306,125172.58983993935
20240307,124574.3874526299
20240308,124801.25056420492
20240311,124801.25056420492
20240312,124337.07945378222
20240313,124004.56581388428
20240314,124004.56581388428
20240315,123690.54151502218
20240318,124325.54151502218
20240319,123365.79823919703
20240320,124465.62955136025
20240321,124880.62955136025
20240322,125455.62955136025
20240325,124812.12632110601
20240326,124319.46591622889
20240327,125494.46591622889
20240328,125494.46591622889
20240329,125494.46591622889
20240401,125857.99648641558
20240402,125410.29290237196
20240403,125410.29290237196
20240408,125410.29290237196
20240409,125397.36992661226
20240410,124667.84415055675
20240411,124667.84415055675
20240412,122791.67271547645
20240415,122791.67271547645
20240416,122371.25230650675
20240417,122371.25230650675
20240418,121929.65883075865
20240419,121876.89555192256
20240422,122191.89555192256
20240423,122566.89555192256
20240424,122461.89555192256
20240425,122461.89555192256
20240426,122461.89555192256
20240429,122461.89555192256
20240430,122461.89555192256
20240506,122051.29211560753
20240507,122051.29211560753
20240508,121729.67364490477
20240509,121313.48594614989
20240510,121313.48594614989
20240513,121313.48594614989
20240514,120873.1944115465
20240515,122108.1944115465
20240516,121921.20527880234
20240517,121936.87585410116
20240520,121936.87585410116
20240521,122131.87585410116
20240522,121105.26659227826
20240523,121260.26659227826
20240524,121124.49992406557
20240527,120292.92457798366
20240528,120147.92457798366
20240529,120147.92457798366
20240530,120742.92457798366
20240531,121897.92457798366
20240603,121897.92457798366
20240604,122052.92457798366
20240605,122052.92457798366
20240606,122967.92457798366
20240607,122882.92457798366
20240611,123269.90874195205
20240612,123269.90874195205
20240613,123089.16637620638
20240614,122668.3201611715
20240617,122668.3201611715
20240618,122668.3201611715
20240619,122668.3201611715
20240620,122583.3201611715
20240621,122583.3201611715
20240624,122635.77106717492
20240625,122630.77106717492
20240626,123145.77106717492
20240627,122885.28841136704
20240628,122900.28841136704
20240701,122900.28841136704
20240702,122900.28841136704
20240703,122900.28841136704
20240704,123215.28841136704
20240705,123215.28841136704
20240708,123590.28841136704
20240709,123590.28841136704
20240710,123545.28841136704
20240711,122883.36660917901
20240712,122978.36660917901
20240715,122953.36660917901
20240716,122528.36660917901
20240717,122603.36660917901
20240718,122818.36660917901
20240719,121724.38781677352
20240722,123119.38781677352
20240723,123974.38781677352
20240724,124702.41240919591
20240725,124617.41240919591
20240726,124617.41240919591
20240729,126032.41240919591
20240730,125907.41240919591
20240731,126262.41240919591
20240801,126125.17260779842
20240802,126125.17260779842
20240805,126137.28692240546
20240806,127632.28692240546
20240807,127027.09111890655
20240808,127062.09111890655
20240809,127062.09111890655
20240812,126352.09111890655
20240813,126352.09111890655
20240814,126207.09111890655
20240815,126207.09111890655
20240816,126582.09111890655
20240819,126300.42468396178
20240820,126300.42468396178
20240821,125984.8450254472
20240822,126235.65640793912
20240823,126330.65640793912
20240826,126330.65640793912
20240827,126245.65640793912
20240828,126245.65640793912
20240829,126120.65640793912
20240830,126120.65640793912
20240902,125746.68247300391
20240903,124708.53201662193
20240904,124708.53201662193
20240905,124583.53201662193
20240906,125038.53201662193
20240909,124166.11272138987
20240910,124421.11272138987
20240911,124936.11272138987
20240912,124177.17292769125
20240913,125372.17292769125
20240918,126687.17292769125
20240919,127662.17292769125
20240920,127837.17292769125
20240923,128029.64899155378
20240924,127904.64899155378
20240925,127639.64899155378
20240926,127414.64899155378
20240927,127369.64899155378
20240930,127444.64899155378
20241008,127879.64899155378
20241009,127879.64899155378
20241010,127879.64899155378
20241011,127879.64899155378
20241014,128214.76900219353
20241015,127583.19897208859
20241016,127583.19897208859
20241017,127673.21406056988
20241018,128948.21406056988
20241021,129043.21406056988
20241022,129043.21406056988
20241023,129043.21406056988
20241024,129818.21406056988
20241025,129818.21406056988
20241028,129913.21406056988
20241029,128408.95990470726
20241030,128012.01043319644
20241031,128012.01043319644
20241101,127902.4243579219
20241104,127902.4243579219
20241105,128557.4243579219
20241106,127122.59086683649
20241107,126937.59086683649
20241108,126937.59086683649
20241111,125492.64959844266
20241112,125767.64959844266
20241113,125767.64959844266
20241114,125982.64959844266
20241115,125982.64959844266
20241118,125982.64959844266
20241119,125982.64959844266
20241120,125837.64959844266
20241121,125837.64959844266
20241122,125212.64959844266
20241125,125212.64959844266
20241126,124768.67399487697
20241127,126003.67399487697
20241128,126058.67399487697
20241129,126058.67399487697
20241202,124416.00535572079
20241203,125274.30215110612
20241204,125609.30215110612
20241205,126376.0003884276
20241206,126376.0003884276
20241209,126711.0003884276
20241210,129046.0003884276
20241211,129521.0003884276
20241212,129184.23692811198
20241213,129184.23692811198
20241216,128788.99220725293
20241217,128788.99220725293
20241218,128788.99220725293
20241219,128788.99220725293
20241220,127778.99220725293
20241223,129033.99220725293
20241224,128063.99220725293
20241225,128063.99220725293
20241226,128063.99220725293
20241227,128038.99220725293
20241230,127658.61627832617
20241231,126802.73268866554
20250102,128997.73268866554
20250103,129006.53479974208
20250106,129881.53479974208
20250107,131356.53479974208
20250108,131811.53479974208
20250109,131811.53479974208
20250110,131811.53479974208
20250113,131353.15656500237
20250114,131099.2963771433
20250115,131099.2963771433
20250116,130605.05091323332
20250117,131040.05091323332
20250120,131675.0509132333
20250121,131457.24118354646
20250122,131268.0514453298
20250123,131268.0514453298
20250124,130767.4690018557
20250127,130767.4690018557
20250205,130551.47184772349
20250206,131133.84341964463
20250207,131133.84341964463
20250210,131133.84341964463
20250211,131028.84341964463
20250212,129812.95817791519
20250213,129812.95817791519
20250214,129796.13685915951
20250217,129831.13685915951
20250218,129455.65927086692
20250219,129455.65927086692
20250220,130370.65927086692
20250221,129478.42400368347
20250224,129478.42400368347
20250225,129727.85511129753
20250226,129862.85511129753
20250227,130302.89176983378
20250228,130496.99368797243
20250303,130496.99368797243
20250304,130496.99368797243
20250305,130069.70458249183
20250306,131404.70458249183
20250307,131404.70458249183
20250310,132399.70458249183
20250311,132399.70458249183
20250312,132399.70458249183
20250313,132934.70458249183
20250314,133129.70458249183
20250317,132348.9049853514
20250318,131439.00109502784
20250319,132634.00109502784
20250320,134089.00109502784
20250321,134084.00109502784
20250324,134084.00109502784
20250325,135819.00109502784
20250326,135193.84510627747
20250327,135168.6536904278
20250328,134883.6536904278
20250331,134883.6536904278
20250401,134883.6536904278
20250402,134498.6536904278
20250403,134498.6536904278
20250407,134498.6536904278
20250408,134273.6536904278
20250409,134273.6536904278
20250410,134273.6536904278
20250411,134268.6536904278
20250414,133126.48457049043
20250415,132711.72782529006
20250416,132711.72782529006
20250417,132711.72782529006
20250418,132711.72782529006
20250421,132711.72782529006
20250422,132711.72782529006
20250423,132805.62476317282
20250424,132805.62476317282
20250425,132920.62476317282
20250428,132920.62476317282
20250429,132920.62476317282
20250430,133295.62476317282
20250506,132853.4561157497
20250507,132620.50081105437
20250508,132219.85159301336
20250509,132574.85159301336
20250512,132721.64387676888
20250513,132721.64387676888
20250514,132721.64387676888
20250515,132721.64387676888
20250516,132545.9667498598
20250519,132062.84337315927
20250520,132062.84337315927
20250521,131855.03902005765
20250522,131475.41699707008
20250523,131810.41699707008
20250526,131985.41699707008
20250527,131845.84247308158
20250528,131245.3422474429
20250529,131245.3422474429
20250530,131245.3422474429
20250603,131060.3422474429
20250604,131060.3422474429
20250605,131135.3422474429
20250606,131170.3422474429
20250609,131170.3422474429
20250610,131640.84439938236
20250611,131640.84439938236
20250612,131008.3621590765
20250613,131143.3621590765
20250616,131143.3621590765
20250617,131044.75732020271
20250618,130561.15126172177
20250619,130561.15126172177
20250620,130561.15126172177
20250623,130082.46923285353
20250624,130082.46923285353
20250625,130157.46923285353
20250626,129992.46923285353
20250627,129668.28023543964
20250630,129763.28023543964
20250701,129101.29294873768
20250702,129101.29294873768
20250703,129036.29294873768
20250704,129036.29294873768
20250707,128931.29294873768
20250708,128931.29294873768
20250709,128566.29294873768
20250710,128152.19734342428
20250711,128187.19734342428
20250714,128402.19734342428
20250715,128777.19734342428
20250716,128320.47460958184
20250717,127966.34613413207
20250718,127518.32138592553
20250721,127518.32138592553
20250722,127513.32138592553
20250723,126557.0237904205
20250724,126130.39585430108
20250725,126130.39585430108
20250728,126405.39585430108
20250729,127000.39585430108
20250730,126440.76666167635
20250731,126215.76666167635
20250801,125121.75512217755
20250804,125336.75512217755
20250805,125336.75512217755
20250806,125331.75512217755
20250807,125506.75512217755
20250808,124747.26459791593
20250811,126842.26459791593
20250812,126842.26459791593
20250813,126306.12477925462
20250814,127261.12477925462
20250815,127936.12477925462
20250818,126758.77342506956
20250819,126753.77342506956
20250820,126948.77342506956
20250821,127703.77342506956
20250822,127474.04660027102
20250825,127549.04660027102
20250826,127549.04660027102
20250827,127144.42804847096
20250828,127180.5033267719
20250829,127180.5033267719
20250901,127180.5033267719
20250902,126819.47374309934
20250903,127334.47374309934
20250904,127334.47374309934
20250905,127334.47374309934
20250908,127334.47374309934
20250909,126815.93112854537
20250910,126392.06102347754
20250911,126742.06102347754
20250912,127457.06102347754
20250915,127457.06102347754
20250916,126845.61409801999
20250917,127540.61409801999
20250918,127540.61409801999
20250919,127175.39347002016
20250922,127630.39347002016
20250923,127630.39347002016
20250924,128085.39347002016
20250925,128085.39347002016
20250926,128360.39347002016
20250929,128115.39347002016
20250930,128115.39347002016
20251009,128115.39347002016
20251010,129230.39347002016
20251013,129230.39347002016
20251014,129705.39347002016
20251015,129637.17186131874
20251016,129692.17186131874
20251017,129090.487088604
20251020,129525.487088604
20251021,129525.487088604
20251022,129265.3177806701
20251023,129360.3177806701
20251024,128196.19588671565
20251027,127791.09258042843
20251028,127791.09258042843
20251029,127402.42099765387
20251030,127217.42099765387
20251031,127217.42099765387
20251103,126851.65453742346
20251104,127246.65453742346
20251105,126479.35631863338
20251106,126479.35631863338
20251107,125494.50899314314
20251110,125129.20475803851
20251111,125129.20475803851
20251112,124904.20475803851
20251113,124065.39831806379
20251114,123960.39831806379
20251117,123955.39831806379
20251118,123581.55438721081
20251119,123196.55438721081
20251120,123196.55438721081
20251121,123441.29855520894
20251124,123441.29855520894
20251125,123296.84132354264
20251126,123296.84132354264
20251127,123296.84132354264
20251128,123296.84132354264
20251201,122828.93181769701
20251202,123883.93181769701
20251203,123852.8293631676
20251204,123852.8293631676
20251205,123852.8293631676
20251208,123852.8293631676
20251209,123927.8293631676
20251210,123282.8293631676
20251211,123282.8293631676
20251212,122651.09482212935
20251215,122512.68063728744
20251216,122512.68063728744
20251217,122496.68931138417
20251218,122496.68931138417
20251219,123131.68931138417
20251222,122965.34322369036
20251223,123300.34322369036
20251224,122912.57661578944
20251225,122912.57661578944
20251226,122918.01054447665
20251229,122918.01054447665
20251230,122918.01054447665
20251231,122918.01054447665
20260105,122918.01054447665
20260106,123033.01054447665
20260107,123228.01054447665
20260108,122807.22161214516
20260109,122807.22161214516
20260112,123602.22161214516
20260113,123597.22161214516
20260114,123572.22161214516
20260115,123572.22161214516
20260116,122981.83653122318
20260119,122694.6263968354
20260120,122694.6263968354
20260121,122289.71215361153
20260122,121888.87575619575
20260123,121888.87575619575
20260126,122583.87575619575
20260127,123338.87575619575
20260128,123041.17679552564
20260129,121952.66446727124
20260130,121647.66446727124
20260202,121647.66446727124
20260203,121502.66446727124
20260204,121502.66446727124
20260205,122277.66446727124
20260206,121678.74528346013
20260209,121673.74528346013
20260210,120841.15031902517
20260211,120407.36862279163
20260212,120407.36862279163
20260213,120407.36862279163
20260224,120502.36862279163
20260225,120502.36862279163
20260226,120547.3103512909
20260227,120547.3103512909
20260302,120547.3103512909
20260303,119624.45502646422
20260304,119624.45502646422
20260305,119624.45502646422
20260306,119241.56276044954
20260309,117534.97080711465
20260310,117534.97080711465
20260311,117534.97080711465
20260312,118399.80227124794
20260313,118525.40189666711
20260316,118525.40189666711
20260317,117356.60331905856
20260318,117356.60331905856
20260319,117191.60331905856
20260320,116984.82208506082
20260323,116984.82208506082
20260324,117499.82208506082
20260325,117499.82208506082
20260326,118074.82208506082
20260327,118074.82208506082
20260330,117392.61882822105
20260331,118147.61882822105
20260401,118147.61882822105
20260402,119526.79662514527
20260403,119321.79662514527
20260407,118908.80154224683
20260408,118908.80154224683
20260409,118330.55981147251
20260410,118076.43852679864
20260413,118481.43852679864
20260414,118481.43852679864
20260415,118776.43852679864
20260416,118187.91200034131
20260417,117105.12623563119
20260420,117105.12623563119
20260421,117105.12623563119
20260422,116690.91814277225
20260423,116500.09232859296
20260424,116505.09232859296
20260427,116820.09232859296
20260428,116589.2055960937
20260429,117194.2055960937
20260430,117194.2055960937
20260506,117349.2055960937
20260507,117256.60367348323
20260508,117211.60367348323
20260511,117356.60367348323
20260512,117717.60980626855
20260513,117424.2029196838
20260514,118319.2029196838
20260515,118334.2029196838
20260518,118334.2029196838
20260519,118874.29755811162
20260520,119742.6514511476
20260521,119742.6514511476
20260522,119755.08203887925
20260525,118621.34503161954
20260526,119026.34503161954
20260527,119083.79950641145
20260528,119083.79950641145
20260529,117787.28375206754
20260601,117787.28375206754
20260602,117787.28375206754
20260603,117189.74286358978
20260604,117189.74286358978
20260605,117189.74286358978
20260608,117524.74286358978
20260609,118239.74286358978
20260610,117141.757487308
20260611,117141.757487308
20260612,117006.94820648765
20260615,115446.69248964348
20260616,115446.69248964348
20260617,115446.69248964348
20260618,115446.69248964348
20260622,115446.69248964348
20260623,116081.69248964348
20260624,115996.69248964348
20260625,116351.69248964348
20260626,115976.59381597023
20260629,115976.59381597023
20260630,115976.59381597023
20260701,115848.5642226453
20260702,115848.5642226453
20260703,116153.5642226453
20260706,116153.5642226453
20260707,116153.5642226453
20260708,116153.5642226453
20260709,116308.5642226453
20260710,116168.5642226453
20260713,116603.5642226453
20260714,116603.5642226453
20260715,116288.24845687022
20260716,116413.24845687022
20260717,116378.24845687022
20260720,115975.54347534693
20260721,115975.54347534693
20260722,115839.19674050265
20260723,115839.19674050265
20260724,116164.19674050265
20260727,116164.19674050265
20260728,116109.19674050265
20260729,116109.19674050265
20260730,115728.12679539286
20260731,115728.12679539286
20260803,115361.13552818721
20260804,115326.13552818721
20260805,115326.13552818721
20260806,115326.13552818721
20260807,115006.13552818721
20260810,115006.13552818721
20260811,115006.13552818721
20260812,115006.13552818721
20260813,114976.49857897114
20260814,115384.3637042334
20260817,114959.7086212296
20260818,114482.0578922586
20260819,114697.0578922586
20260820,114697.0578922586
20260821,114374.49183764494
20260824,113999.49183764494
20260825,114224.49183764494
20260826,112487.76670407118
20260827,111581.58663550281
20260828,111581.58663550281
20260831,111161.26998759397
20260901,111161.26998759397
20260902,111956.26998759397
20260903,112341.04605876922
20260904,111856.76783313228
20260907,111856.76783313228
20260908,111831.76783313228
20260909,111533.83991212616
20260910,110743.06869222
20260911,112038.06869222
20260914,111100.41317172143
20260915,111100.41317172143
20260916,111100.41317172143
20260917,111473.22799404564
20260918,111290.44589631417
20260921,111601.02471210007
20260922,111856.02471210007
20260923,111856.02471210007
20260924,111571.02471210007
20260928,111571.02471210007
20260929,111227.11225208349
20260930,111227.11225208349
